iter	Logloss
0	0.6750179034
1	0.658529531
2	0.6425814054
3	0.6274820913
4	0.6157409748
5	0.6041595636
6	0.5883781139
7	0.5797611774
8	0.5702249726
9	0.5548796199
10	0.5482489155
11	0.5357816809
12	0.5278065936
13	0.5205173813
14	0.5139670913
15	0.5077917164
16	0.5005724706
17	0.4944486896
18	0.4896463307
19	0.4861096984
20	0.4794820347
21	0.4742556454
22	0.467307792
